cctv\00_00030_0000030.png,10러0284,1410,315,1472,332
cctv\00_01020_0001020.png,48바5380,1083,652,1189,684
cctv\00_01020_0001020.png,10라0284,1413,315,1474,332
cctv\00_01440_0001440.png,90나5752,1177,895,1313,931
cctv\00_01440_0001440.png,10라0284,1410,315,1473,332
cctv\00_01710_0001710.png,10라0284,1413,317,1472,330
cctv\00_01710_0001710.png,34서2036,1280,723,1392,747
cctv\00_02040_0002040.png,49저9780,1324,724,1447,751
cctv\00_02040_0002040.png,10러0284,1412,316,1473,331
cctv\00_02460_0002460.png,48서6849,1615,950,1714,1001
cctv\00_02460_0002460.png,10러0284,1410,314,1474,332
cctv\00_02460_0002460.png,38누7718,1003,58,1040,69
cctv\00_02700_0002700.png,38누7718,1034,709,1145,736
cctv\00_02700_0002700.png,48서6849,1367,385,1417,414
cctv\00_02700_0002700.png,13부5896,974,1,1008,12
cctv\00_03420_0003420.png,13부5896,1764,642,1869,674
cctv\00_03420_0003420.png,10러0284,1412,316,1473,332
cctv\00_04500_0004500.png,경기34도3094,1523,1004,1623,1061
cctv\00_04500_0004500.png,13부5896,1763,640,1869,672
cctv\00_04500_0004500.png,10러0284,1413,316,1473,332
cctv\00_04500_0004500.png,10루0280,840,516,928,551
cctv\00_04800_0004800.png,10루0280,1090,879,1210,904
cctv\00_04800_0004800.png,경기34도3094,1235,472,1296,504
cctv\00_04800_0004800.png,10러0284,1411,316,1472,331
cctv\00_04800_0004800.png,13러5896,1765,641,1872,672
cctv\00_05370_0005370.png,80오9044,1103,837,1189,876
cctv\00_05370_0005370.png,13부5896,1763,640,1870,673
cctv\00_05370_0005370.png,10러0284,1411,316,1472,333
cctv\00_05640_0005640.png,20소8790,1159,889,1299,921
cctv\00_05640_0005640.png,13부5896,1764,640,1869,674
cctv\00_05640_0005640.png,80오9044,995,131,1027,147
cctv\00_07830_0007830.png,24버0990,1092,717,1207,745
cctv\00_07830_0007830.png,13부5896,1763,641,1869,671
cctv\00_08310_0008310.png,69서1190,1155,632,1265,662
cctv\00_08310_0008310.png,10러0284,1412,314,1472,332
cctv\00_08310_0008310.png,13부5896,1765,641,1869,671
